[{"user":{"followers_count":1,"description":null,"url":null,"profile_image_url":"http:\/\/static.twitter.com\/images\/default_profile_normal.png","protected":false,"location":"Opera Plaza, California","screen_name":"Pyk","name":"Pyk","id":"7694602"},"text":"@lapilofu If you need a faster transfer, target disk mode should work too :)","truncated":false,"favorited":false,"in_reply_to_user_id":6128642,"created_at":"Sat Dec 06 21:29:14 +0000 2008","source":"twitterrific","in_reply_to_status_id":1042497164,"id":"1042500587"},{"user":{"followers_count":278,"description":"しがないプログラマ\/とりあえず宮子は俺の嫁\u2026いや、娘だ！\/Delphi&amp;Pythonプログラマ修行中\/bot製作にハマりつつある。三つほど製作&amp;構想中\/[eof]","url":"http:\/\/logiq.orz.hm\/","profile_image_url":"http:\/\/s3.amazonaws.com\/twitter_production\/profile_images\/59588711\/l_ワ_l↑_normal.png","protected":false,"location":"ひだまり荘202号室","screen_name":"feiz","name":"azkn3","id":"14310520"},"text":"@y_benjo  ちょー遅レスですがただのはだいろすぎる・・・ ( ll ワ ll )","truncated":false,"favorited":false,"in_reply_to_user_id":8428752,"created_at":"Sat Dec 06 21:29:14 +0000 2008","source":"twit","in_reply_to_status_id":1042479758,"id":"1042500586"},{"user":{"followers_count":1233,"description":"&quot;to understand one life you must swallow the world.&quot; I run refine+focus: a marketing agency working w\/ brands, media and VCs. http:\/\/tinyurl.com\/63mrn","url":"http:\/\/www.quiverandquill.com","profile_image_url":"http:\/\/s3.amazonaws.com\/twitter_production\/profile_images\/53684650\/539059005_2a3b462d20_normal.jpg","protected":false,"location":"Cambridge, MA ","screen_name":"quiverandquill","name":"zach Braiker","id":"6845872"},"text":"@18percentgrey I didn't see Damon on Palin. i'll look on youtube. thx .Z","truncated":false,"favorited":false,"in_reply_to_user_id":10529932,"created_at":"Sat Dec 06 21:29:12 +0000 2008","source":"web","in_reply_to_status_id":1042499331,"id":"1042500584"},{"user":{"followers_count":780,"description":"Mein Blog ist unter http:\/\/blog.helmschrott.de zu finden. Unter http:\/\/blogalm.de kannst Du Deinen Blog eintragen!","url":"http:\/\/helmschrott.de\/blog","profile_image_url":"http:\/\/s3.amazonaws.com\/twitter_production\/profile_images\/60997686\/avatar-250_normal.jpg","protected":false,"location":"Münchner Straße","screen_name":"helmi","name":"Frank Helmschrott","id":"867641"},"text":"@gigold auch mist oder?ich glaub ich fangs jetzt dann einfach mal an - wird schon vernünftige update-prozesse geben.","truncated":false,"favorited":false,"in_reply_to_user_id":959931,"created_at":"Sat Dec 06 21:29:11 +0000 2008","source":"twhirl","in_reply_to_status_id":1042500095,"id":"1042500583"},{"user":{"followers_count":63,"description":"Liberation from Misconceptions","url":"http:\/\/sexorcism.blogspot.com","profile_image_url":"http:\/\/s3.amazonaws.com\/twitter_production\/profile_images\/63897302\/having-sex-on-bed_normal.jpg","protected":false,"location":"USA","screen_name":"Sexorcism","name":"Sexorcism","id":"16929435"},"text":"@thursdays_child someecards might.","truncated":false,"favorited":false,"in_reply_to_user_id":14484963,"created_at":"Sat Dec 06 21:29:13 +0000 2008","source":"twittergadget","in_reply_to_status_id":1042499777,"id":"1042500581"},{"user":{"followers_count":106,"description":"Researcher. Maître de Conférences - Sémiologue - Spécialiste des médias audiovisuels. Analyste des médias, de la télévision et de la presse people (gossip). ","url":"http:\/\/semioblog.over-blog.org\/","profile_image_url":"http:\/\/s3.amazonaws.com\/twitter_production\/profile_images\/57988482\/Thomas_et_Vic_pour_promo_2_058_normal.JPG","protected":false,"location":"France","screen_name":"semioblog","name":"Virginie Spies","id":"10078802"},"text":"@richardvonstern on reparle de tout cela bientôt, si vous voulez vraiment m'aider","truncated":false,"favorited":false,"in_reply_to_user_id":15835317,"created_at":"Sat Dec 06 21:29:13 +0000 2008","source":"twitterrific","in_reply_to_status_id":1042357537,"id":"1042500580"},{"user":{"followers_count":26,"description":"","url":"","profile_image_url":"http:\/\/s3.amazonaws.com\/twitter_production\/profile_images\/63461084\/November2ndpics_125_normal.jpg","protected":false,"location":"Louisville, Ky","screen_name":"scrapaunt","name":"scrapaunt","id":"16660671"},"text":"@NKOTB4LIFE  Hope your neck feels better after your nap.","truncated":false,"favorited":false,"in_reply_to_user_id":16041403,"created_at":"Sat Dec 06 21:29:10 +0000 2008","source":"web","in_reply_to_status_id":1042450159,"id":"1042500579"},{"user":{"followers_count":245,"description":"Maui HI Real Estate Salesperson specializing in off the grid lifestyle","url":"http:\/\/www.eastmaui.com","profile_image_url":"http:\/\/s3.amazonaws.com\/twitter_production\/profile_images\/59558480\/face2_normal.jpg","protected":false,"location":"north shore maui hawaii","screen_name":"mauihunter","name":"Georgina M. Hunter ","id":"16161708"},"text":"@BeeRealty http:\/\/twitpic.com\/qpog - It's a good safe place to lay - no dogs up there.","truncated":false,"favorited":false,"in_reply_to_user_id":15781063,"created_at":"Sat Dec 06 21:29:13 +0000 2008","source":"twitpic","in_reply_to_status_id":1042497815,"id":"1042500578"},{"user":{"followers_count":95,"description":"","url":"","profile_image_url":"http:\/\/s3.amazonaws.com\/twitter_production\/profile_images\/66581657\/nose-pick_normal.jpg","protected":false,"location":"zoetermeer","screen_name":"GsKlukkluk","name":"Klukkluk","id":"14218588"},"text":"twit \/off zalige nacht!","truncated":false,"favorited":false,"in_reply_to_user_id":null,"created_at":"Sat Dec 06 21:29:14 +0000 2008","source":"web","in_reply_to_status_id":null,"id":"1042500577"},{"user":{"followers_count":33,"description":"Living in denial that I live in a podunk town, I spend my time in search of good music in LA. Pure city-dweller and puma. That's about it.","url":"","profile_image_url":"http:\/\/s3.amazonaws.com\/twitter_production\/profile_images\/56024131\/Photo_145_normal.jpg","protected":false,"location":"Santa Barbara, CA","screen_name":"pumainthemvmt","name":"Valerie","id":"15266837"},"text":"I love my parents with all my heart, but sometimes they make me want to scratch my eyes out.","truncated":false,"favorited":false,"in_reply_to_user_id":null,"created_at":"Sat Dec 06 21:29:10 +0000 2008","source":"sms","in_reply_to_status_id":null,"id":"1042500576"},{"user":{"followers_count":99,"description":"大学生ですよ。Ad[es]er。趣味で辭書とか編輯してゐます。JavaScriptでゲーム書きたいけど時間ねえ。","url":"http:\/\/greengablez.net\/diary\/","profile_image_url":"http:\/\/s3.amazonaws.com\/twitter_production\/profile_images\/60269370\/zonu_1_normal.gif","protected":false,"location":"Sapporo, Hokkaido, Japan","screen_name":"tadsan","name":"船越次男","id":"11637282"},"text":"リトル・プリンセスとだけ書かれたら小公女を連想するだろ、常識的に考へて。","truncated":false,"favorited":false,"in_reply_to_user_id":null,"created_at":"Sat Dec 06 21:29:11 +0000 2008","source":"tiitan","in_reply_to_status_id":null,"id":"1042500575"},{"user":{"followers_count":68,"description":"I love all things beer. What goes better with beer than Porn, nothig I tell ya nothing.","url":"","profile_image_url":"http:\/\/s3.amazonaws.com\/twitter_production\/profile_images\/66479069\/Picture_9_normal.jpg","protected":false,"location":"Durant","screen_name":"Jeffporn","name":"Jeffporn","id":"14065262"},"text":"At Lefthand having milk stout on cask - Photo: http:\/\/bkite.com\/02PeH","truncated":false,"favorited":false,"in_reply_to_user_id":null,"created_at":"Sat Dec 06 21:29:10 +0000 2008","source":"brightkite","in_reply_to_status_id":null,"id":"1042500574"},{"user":{"followers_count":7,"description":"","url":"http:\/\/www.PeteKinser.com","profile_image_url":"http:\/\/s3.amazonaws.com\/twitter_production\/profile_images\/65572489\/PeteKinser-close_normal.jpg","protected":false,"location":"Denver, CO","screen_name":"pkinser","name":"pkinser","id":"15570525"},"text":"Snooze is where it's at for brunch if you're ever in Denver. Yum.","truncated":false,"favorited":false,"in_reply_to_user_id":null,"created_at":"Sat Dec 06 21:29:11 +0000 2008","source":"fring","in_reply_to_status_id":null,"id":"1042500572"},{"user":{"followers_count":75,"description":"I am a gamer and this is my gaming account, check out my other Twitter account for non-gaming tweets.","url":"http:\/\/twitter.com\/Nailhead","profile_image_url":"http:\/\/s3.amazonaws.com\/twitter_production\/profile_images\/56881055\/nailhead_184x184_normal.jpg","protected":false,"location":"Huntsville, AL","screen_name":"Nailhead_Gamer","name":"Eric Fullerton","id":"15487663"},"text":"Completed the epic quest line for the Death Knight. Now what? Outlands? I wish to skip Outlands please, thanks.","truncated":false,"favorited":false,"in_reply_to_user_id":null,"created_at":"Sat Dec 06 21:29:13 +0000 2008","source":"twitterfox","in_reply_to_status_id":null,"id":"1042500571"},{"user":{"followers_count":111,"description":"","url":"http:\/\/www.ns-tech.com\/blog\/geldred.nsf","profile_image_url":"http:\/\/s3.amazonaws.com\/twitter_production\/profile_images\/63865052\/brak2_normal.JPG","protected":false,"location":"Cleveland OH","screen_name":"geldred","name":"geldred","id":"14093394"},"text":"I'm at Target Store - Avon OH (35830 Detroit Rd, Avon, OH 44011, USA) - http:\/\/bkite.com\/02PeI","truncated":false,"favorited":false,"in_reply_to_user_id":null,"created_at":"Sat Dec 06 21:29:13 +0000 2008","source":"brightkite","in_reply_to_status_id":null,"id":"1042500570"},{"user":{"followers_count":16,"description":"Soundtrack Composer\/Musician\/Producer","url":"http:\/\/www.reverbnation\/musicbystratos","profile_image_url":"http:\/\/s3.amazonaws.com\/twitter_production\/profile_images\/63311865\/logo-stratos_normal.png","protected":false,"location":"Grove City, Ohio 43123","screen_name":"Stratos","name":"Bryan K Borgman","id":"756062"},"text":"is reminded how beautiful the world can be when it's blanketed by clean white snow.","truncated":false,"favorited":false,"in_reply_to_user_id":null,"created_at":"Sat Dec 06 21:29:13 +0000 2008","source":"web","in_reply_to_status_id":null,"id":"1042500569"},{"user":{"followers_count":7,"description":null,"url":null,"profile_image_url":"http:\/\/static.twitter.com\/images\/default_profile_normal.png","protected":false,"location":null,"screen_name":"garrettromine","name":"garrettromine","id":"16120885"},"text":"Go Julio","truncated":false,"favorited":false,"in_reply_to_user_id":null,"created_at":"Sat Dec 06 21:29:10 +0000 2008","source":"sms","in_reply_to_status_id":null,"id":"1042500568"},{"user":{"followers_count":111,"description":"WHAT IS HAPPNING IN THE WORLD??? SEE DIFFERENT NEWS STORIES FROM MANY SOURCES.","url":"http:\/\/henrynews.wetpaint.com","profile_image_url":"http:\/\/s3.amazonaws.com\/twitter_production\/profile_images\/65118112\/2008-election-map-nytimes_normal.png","protected":false,"location":"","screen_name":"HenryNews","name":"HenryNews","id":"17398510"},"text":"Svindal completes double at Beaver Creek: Read full story for latest details. http:\/\/tinyurl.com\/6qugub","truncated":false,"favorited":false,"in_reply_to_user_id":null,"created_at":"Sat Dec 06 21:29:13 +0000 2008","source":"twitterfeed","in_reply_to_status_id":null,"id":"1042500567"},{"user":{"followers_count":34,"description":"I am a man of many bio's, scott bio's!","url":"http:\/\/flickr.com\/photos\/giantcandy","profile_image_url":"http:\/\/s3.amazonaws.com\/twitter_production\/profile_images\/25680382\/Icon_for_Twitter_normal.jpg","protected":false,"location":"Loves Park, IL, USA","screen_name":"Pychobj2001","name":"William Boehm Jr","id":"809103"},"text":"I have a 3rd break light and the license plate lights are out...just replacing 1 plate light...abide by law just enough","truncated":false,"favorited":false,"in_reply_to_user_id":null,"created_at":"Sat Dec 06 21:29:10 +0000 2008","source":"twidroid","in_reply_to_status_id":null,"id":"1042500566"},{"user":{"followers_count":61,"description":"Wife. Designer. Green Enthusiast. New Homeowner. Pet Owner. Internet Addict.","url":"http:\/\/confessionsofadesignjunkie.blogspot.com\/","profile_image_url":"http:\/\/s3.amazonaws.com\/twitter_production\/profile_images\/66044439\/n27310459_33432814_6743-1_normal.jpg","protected":false,"location":"Indiana","screen_name":"smquaseb","name":"Stacy","id":"15530992"},"text":"@Indygardener We still had a few people shoveling in our neighborhood - I didn't think it was enough to shovel, but keeps the kids busy.","truncated":false,"favorited":false,"in_reply_to_user_id":12811482,"created_at":"Sat Dec 06 21:29:13 +0000 2008","source":"web","in_reply_to_status_id":1042488558,"id":"1042500565"}]