{
  "version":"2.0",
  "metadata":{
    "apiVersion":"2015-02-01",
    "endpointPrefix":"elasticfilesystem",
    "serviceAbbreviation":"EFS",
    "serviceFullName":"Amazon Elastic File System",
    "signatureVersion":"v4",
    "protocol":"rest-json"
  },
  "operations":{
    "CreateFileSystem":{
      "name":"CreateFileSystem",
      "http":{
        "method":"POST",
        "requestUri":"/2015-02-01/file-systems",
        "responseCode":201
      },
      "input":{"shape":"CreateFileSystemRequest"},
      "output":{"shape":"FileSystemDescription"},
      "errors":[
        {
          "shape":"BadRequest",
          "error":{"httpStatusCode":400},
          "exception":true
        },
        {
          "shape":"InternalServerError",
          "error":{"httpStatusCode":500},
          "exception":true
        },
        {
          "shape":"FileSystemAlreadyExists",
          "error":{"httpStatusCode":409},
          "exception":true
        },
        {
          "shape":"FileSystemLimitExceeded",
          "error":{"httpStatusCode":403},
          "exception":true
        }
      ]
    },
    "CreateMountTarget":{
      "name":"CreateMountTarget",
      "http":{
        "method":"POST",
        "requestUri":"/2015-02-01/mount-targets",
        "responseCode":200
      },
      "input":{"shape":"CreateMountTargetRequest"},
      "output":{"shape":"MountTargetDescription"},
      "errors":[
        {
          "shape":"BadRequest",
          "error":{"httpStatusCode":400},
          "exception":true
        },
        {
          "shape":"InternalServerError",
          "error":{"httpStatusCode":500},
          "exception":true
        },
        {
          "shape":"FileSystemNotFound",
          "error":{"httpStatusCode":404},
          "exception":true
        },
        {
          "shape":"IncorrectFileSystemLifeCycleState",
          "error":{"httpStatusCode":409},
          "exception":true
        },
        {
          "shape":"MountTargetConflict",
          "error":{"httpStatusCode":409},
          "exception":true
        },
        {
          "shape":"SubnetNotFound",
          "error":{"httpStatusCode":400},
          "exception":true
        },
        {
          "shape":"NoFreeAddressesInSubnet",
          "error":{"httpStatusCode":409},
          "exception":true
        },
        {
          "shape":"IpAddressInUse",
          "error":{"httpStatusCode":409},
          "exception":true
        },
        {
          "shape":"NetworkInterfaceLimitExceeded",
          "error":{"httpStatusCode":409},
          "exception":true
        },
        {
          "shape":"SecurityGroupLimitExceeded",
          "error":{"httpStatusCode":400},
          "exception":true
        },
        {
          "shape":"SecurityGroupNotFound",
          "error":{"httpStatusCode":400},
          "exception":true
        },
        {
          "shape":"UnsupportedAvailabilityZone",
          "error":{"httpStatusCode":400},
          "exception":true
        }
      ]
    },
    "CreateTags":{
      "name":"CreateTags",
      "http":{
        "method":"POST",
        "requestUri":"/2015-02-01/create-tags/{FileSystemId}",
        "responseCode":204
      },
      "input":{"shape":"CreateTagsRequest"},
      "errors":[
        {
          "shape":"BadRequest",
          "error":{"httpStatusCode":400},
          "exception":true
        },
        {
          "shape":"InternalServerError",
          "error":{"httpStatusCode":500},
          "exception":true
        },
        {
          "shape":"FileSystemNotFound",
          "error":{"httpStatusCode":404},
          "exception":true
        }
      ]
    },
    "DeleteFileSystem":{
      "name":"DeleteFileSystem",
      "http":{
        "method":"DELETE",
        "requestUri":"/2015-02-01/file-systems/{FileSystemId}",
        "responseCode":204
      },
      "input":{"shape":"DeleteFileSystemRequest"},
      "errors":[
        {
          "shape":"BadRequest",
          "error":{"httpStatusCode":400},
          "exception":true
        },
        {
          "shape":"InternalServerError",
          "error":{"httpStatusCode":500},
          "exception":true
        },
        {
          "shape":"FileSystemNotFound",
          "error":{"httpStatusCode":404},
          "exception":true
        },
        {
          "shape":"FileSystemInUse",
          "error":{"httpStatusCode":409},
          "exception":true
        }
      ]
    },
    "DeleteMountTarget":{
      "name":"DeleteMountTarget",
      "http":{
        "method":"DELETE",
        "requestUri":"/2015-02-01/mount-targets/{MountTargetId}",
        "responseCode":204
      },
      "input":{"shape":"DeleteMountTargetRequest"},
      "errors":[
        {
          "shape":"BadRequest",
          "error":{"httpStatusCode":400},
          "exception":true
        },
        {
          "shape":"InternalServerError",
          "error":{"httpStatusCode":500},
          "exception":true
        },
        {
          "shape":"DependencyTimeout",
          "error":{"httpStatusCode":504},
          "exception":true
        },
        {
          "shape":"MountTargetNotFound",
          "error":{"httpStatusCode":404},
          "exception":true
        }
      ]
    },
    "DeleteTags":{
      "name":"DeleteTags",
      "http":{
        "method":"POST",
        "requestUri":"/2015-02-01/delete-tags/{FileSystemId}",
        "responseCode":204
      },
      "input":{"shape":"DeleteTagsRequest"},
      "errors":[
        {
          "shape":"BadRequest",
          "error":{"httpStatusCode":400},
          "exception":true
        },
        {
          "shape":"InternalServerError",
          "error":{"httpStatusCode":500},
          "exception":true
        },
        {
          "shape":"FileSystemNotFound",
          "error":{"httpStatusCode":404},
          "exception":true
        }
      ]
    },
    "DescribeFileSystems":{
      "name":"DescribeFileSystems",
      "http":{
        "method":"GET",
        "requestUri":"/2015-02-01/file-systems",
        "responseCode":200
      },
      "input":{"shape":"DescribeFileSystemsRequest"},
      "output":{"shape":"DescribeFileSystemsResponse"},
      "errors":[
        {
          "shape":"BadRequest",
          "error":{"httpStatusCode":400},
          "exception":true
        },
        {
          "shape":"InternalServerError",
          "error":{"httpStatusCode":500},
          "exception":true
        },
        {
          "shape":"FileSystemNotFound",
          "error":{"httpStatusCode":404},
          "exception":true
        }
      ]
    },
    "DescribeMountTargetSecurityGroups":{
      "name":"DescribeMountTargetSecurityGroups",
      "http":{
        "method":"GET",
        "requestUri":"/2015-02-01/mount-targets/{MountTargetId}/security-groups",
        "responseCode":200
      },
      "input":{"shape":"DescribeMountTargetSecurityGroupsRequest"},
      "output":{"shape":"DescribeMountTargetSecurityGroupsResponse"},
      "errors":[
        {
          "shape":"BadRequest",
          "error":{"httpStatusCode":400},
          "exception":true
        },
        {
          "shape":"InternalServerError",
          "error":{"httpStatusCode":500},
          "exception":true
        },
        {
          "shape":"MountTargetNotFound",
          "error":{"httpStatusCode":404},
          "exception":true
        },
        {
          "shape":"IncorrectMountTargetState",
          "error":{"httpStatusCode":409},
          "exception":true
        }
      ]
    },
    "DescribeMountTargets":{
      "name":"DescribeMountTargets",
      "http":{
        "method":"GET",
        "requestUri":"/2015-02-01/mount-targets",
        "responseCode":200
      },
      "input":{"shape":"DescribeMountTargetsRequest"},
      "output":{"shape":"DescribeMountTargetsResponse"},
      "errors":[
        {
          "shape":"BadRequest",
          "error":{"httpStatusCode":400},
          "exception":true
        },
        {
          "shape":"InternalServerError",
          "error":{"httpStatusCode":500},
          "exception":true
        },
        {
          "shape":"FileSystemNotFound",
          "error":{"httpStatusCode":404},
          "exception":true
        },
        {
          "shape":"MountTargetNotFound",
          "error":{"httpStatusCode":404},
          "exception":true
        }
      ]
    },
    "DescribeTags":{
      "name":"DescribeTags",
      "http":{
        "method":"GET",
        "requestUri":"/2015-02-01/tags/{FileSystemId}/",
        "responseCode":200
      },
      "input":{"shape":"DescribeTagsRequest"},
      "output":{"shape":"DescribeTagsResponse"},
      "errors":[
        {
          "shape":"BadRequest",
          "error":{"httpStatusCode":400},
          "exception":true
        },
        {
          "shape":"InternalServerError",
          "error":{"httpStatusCode":500},
          "exception":true
        },
        {
          "shape":"FileSystemNotFound",
          "error":{"httpStatusCode":404},
          "exception":true
        }
      ]
    },
    "ModifyMountTargetSecurityGroups":{
      "name":"ModifyMountTargetSecurityGroups",
      "http":{
        "method":"PUT",
        "requestUri":"/2015-02-01/mount-targets/{MountTargetId}/security-groups",
        "responseCode":204
      },
      "input":{"shape":"ModifyMountTargetSecurityGroupsRequest"},
      "errors":[
        {
          "shape":"BadRequest",
          "error":{"httpStatusCode":400},
          "exception":true
        },
        {
          "shape":"InternalServerError",
          "error":{"httpStatusCode":500},
          "exception":true
        },
        {
          "shape":"MountTargetNotFound",
          "error":{"httpStatusCode":404},
          "exception":true
        },
        {
          "shape":"IncorrectMountTargetState",
          "error":{"httpStatusCode":409},
          "exception":true
        },
        {
          "shape":"SecurityGroupLimitExceeded",
          "error":{"httpStatusCode":400},
          "exception":true
        },
        {
          "shape":"SecurityGroupNotFound",
          "error":{"httpStatusCode":400},
          "exception":true
        }
      ]
    }
  },
  "shapes":{
    "AwsAccountId":{"type":"string"},
    "BadRequest":{
      "type":"structure",
      "required":["ErrorCode"],
      "members":{
        "ErrorCode":{"shape":"ErrorCode"},
        "Message":{"shape":"ErrorMessage"}
      },
      "error":{"httpStatusCode":400},
      "exception":true
    },
    "CreateFileSystemRequest":{
      "type":"structure",
      "required":["CreationToken"],
      "members":{
        "CreationToken":{"shape":"CreationToken"}
      }
    },
    "CreateMountTargetRequest":{
      "type":"structure",
      "required":[
        "FileSystemId",
        "SubnetId"
      ],
      "members":{
        "FileSystemId":{"shape":"FileSystemId"},
        "SubnetId":{"shape":"SubnetId"},
        "IpAddress":{"shape":"IpAddress"},
        "SecurityGroups":{"shape":"SecurityGroups"}
      }
    },
    "CreateTagsRequest":{
      "type":"structure",
      "required":[
        "FileSystemId",
        "Tags"
      ],
      "members":{
        "FileSystemId":{
          "shape":"FileSystemId",
          "location":"uri",
          "locationName":"FileSystemId"
        },
        "Tags":{"shape":"Tags"}
      }
    },
    "CreationToken":{
      "type":"string",
      "min":1,
      "max":64
    },
    "DeleteFileSystemRequest":{
      "type":"structure",
      "required":["FileSystemId"],
      "members":{
        "FileSystemId":{
          "shape":"FileSystemId",
          "location":"uri",
          "locationName":"FileSystemId"
        }
      }
    },
    "DeleteMountTargetRequest":{
      "type":"structure",
      "required":["MountTargetId"],
      "members":{
        "MountTargetId":{
          "shape":"MountTargetId",
          "location":"uri",
          "locationName":"MountTargetId"
        }
      }
    },
    "DeleteTagsRequest":{
      "type":"structure",
      "required":[
        "FileSystemId",
        "TagKeys"
      ],
      "members":{
        "FileSystemId":{
          "shape":"FileSystemId",
          "location":"uri",
          "locationName":"FileSystemId"
        },
        "TagKeys":{"shape":"TagKeys"}
      }
    },
    "DependencyTimeout":{
      "type":"structure",
      "required":["ErrorCode"],
      "members":{
        "ErrorCode":{"shape":"ErrorCode"},
        "Message":{"shape":"ErrorMessage"}
      },
      "error":{"httpStatusCode":504},
      "exception":true
    },
    "DescribeFileSystemsRequest":{
      "type":"structure",
      "members":{
        "MaxItems":{
          "shape":"MaxItems",
          "location":"querystring",
          "locationName":"MaxItems"
        },
        "Marker":{
          "shape":"Marker",
          "location":"querystring",
          "locationName":"Marker"
        },
        "CreationToken":{
          "shape":"CreationToken",
          "location":"querystring",
          "locationName":"CreationToken"
        },
        "FileSystemId":{
          "shape":"FileSystemId",
          "location":"querystring",
          "locationName":"FileSystemId"
        }
      }
    },
    "DescribeFileSystemsResponse":{
      "type":"structure",
      "members":{
        "Marker":{"shape":"Marker"},
        "FileSystems":{"shape":"FileSystemDescriptions"},
        "NextMarker":{"shape":"Marker"}
      }
    },
    "DescribeMountTargetSecurityGroupsRequest":{
      "type":"structure",
      "required":["MountTargetId"],
      "members":{
        "MountTargetId":{
          "shape":"MountTargetId",
          "location":"uri",
          "locationName":"MountTargetId"
        }
      }
    },
    "DescribeMountTargetSecurityGroupsResponse":{
      "type":"structure",
      "required":["SecurityGroups"],
      "members":{
        "SecurityGroups":{"shape":"SecurityGroups"}
      }
    },
    "DescribeMountTargetsRequest":{
      "type":"structure",
      "members":{
        "MaxItems":{
          "shape":"MaxItems",
          "location":"querystring",
          "locationName":"MaxItems"
        },
        "Marker":{
          "shape":"Marker",
          "location":"querystring",
          "locationName":"Marker"
        },
        "FileSystemId":{
          "shape":"FileSystemId",
          "location":"querystring",
          "locationName":"FileSystemId"
        },
        "MountTargetId":{
          "shape":"MountTargetId",
          "location":"querystring",
          "locationName":"MountTargetId"
        }
      }
    },
    "DescribeMountTargetsResponse":{
      "type":"structure",
      "members":{
        "Marker":{"shape":"Marker"},
        "MountTargets":{"shape":"MountTargetDescriptions"},
        "NextMarker":{"shape":"Marker"}
      }
    },
    "DescribeTagsRequest":{
      "type":"structure",
      "required":["FileSystemId"],
      "members":{
        "MaxItems":{
          "shape":"MaxItems",
          "location":"querystring",
          "locationName":"MaxItems"
        },
        "Marker":{
          "shape":"Marker",
          "location":"querystring",
          "locationName":"Marker"
        },
        "FileSystemId":{
          "shape":"FileSystemId",
          "location":"uri",
          "locationName":"FileSystemId"
        }
      }
    },
    "DescribeTagsResponse":{
      "type":"structure",
      "required":["Tags"],
      "members":{
        "Marker":{"shape":"Marker"},
        "Tags":{"shape":"Tags"},
        "NextMarker":{"shape":"Marker"}
      }
    },
    "ErrorCode":{
      "type":"string",
      "min":1
    },
    "ErrorMessage":{"type":"string"},
    "FileSystemAlreadyExists":{
      "type":"structure",
      "required":[
        "ErrorCode",
        "FileSystemId"
      ],
      "members":{
        "ErrorCode":{"shape":"ErrorCode"},
        "Message":{"shape":"ErrorMessage"},
        "FileSystemId":{"shape":"FileSystemId"}
      },
      "error":{"httpStatusCode":409},
      "exception":true
    },
    "FileSystemDescription":{
      "type":"structure",
      "required":[
        "OwnerId",
        "CreationToken",
        "FileSystemId",
        "CreationTime",
        "LifeCycleState",
        "NumberOfMountTargets",
        "SizeInBytes"
      ],
      "members":{
        "OwnerId":{"shape":"AwsAccountId"},
        "CreationToken":{"shape":"CreationToken"},
        "FileSystemId":{"shape":"FileSystemId"},
        "CreationTime":{"shape":"Timestamp"},
        "LifeCycleState":{"shape":"LifeCycleState"},
        "Name":{"shape":"TagValue"},
        "NumberOfMountTargets":{"shape":"MountTargetCount"},
        "SizeInBytes":{"shape":"FileSystemSize"}
      }
    },
    "FileSystemDescriptions":{
      "type":"list",
      "member":{"shape":"FileSystemDescription"}
    },
    "FileSystemId":{"type":"string"},
    "FileSystemInUse":{
      "type":"structure",
      "required":["ErrorCode"],
      "members":{
        "ErrorCode":{"shape":"ErrorCode"},
        "Message":{"shape":"ErrorMessage"}
      },
      "error":{"httpStatusCode":409},
      "exception":true
    },
    "FileSystemLimitExceeded":{
      "type":"structure",
      "required":["ErrorCode"],
      "members":{
        "ErrorCode":{"shape":"ErrorCode"},
        "Message":{"shape":"ErrorMessage"}
      },
      "error":{"httpStatusCode":403},
      "exception":true
    },
    "FileSystemNotFound":{
      "type":"structure",
      "required":["ErrorCode"],
      "members":{
        "ErrorCode":{"shape":"ErrorCode"},
        "Message":{"shape":"ErrorMessage"}
      },
      "error":{"httpStatusCode":404},
      "exception":true
    },
    "FileSystemSize":{
      "type":"structure",
      "required":["Value"],
      "members":{
        "Value":{"shape":"FileSystemSizeValue"},
        "Timestamp":{"shape":"Timestamp"}
      }
    },
    "FileSystemSizeValue":{
      "type":"long",
      "min":0
    },
    "IncorrectFileSystemLifeCycleState":{
      "type":"structure",
      "required":["ErrorCode"],
      "members":{
        "ErrorCode":{"shape":"ErrorCode"},
        "Message":{"shape":"ErrorMessage"}
      },
      "error":{"httpStatusCode":409},
      "exception":true
    },
    "IncorrectMountTargetState":{
      "type":"structure",
      "required":["ErrorCode"],
      "members":{
        "ErrorCode":{"shape":"ErrorCode"},
        "Message":{"shape":"ErrorMessage"}
      },
      "error":{"httpStatusCode":409},
      "exception":true
    },
    "InternalServerError":{
      "type":"structure",
      "required":["ErrorCode"],
      "members":{
        "ErrorCode":{"shape":"ErrorCode"},
        "Message":{"shape":"ErrorMessage"}
      },
      "error":{"httpStatusCode":500},
      "exception":true
    },
    "IpAddress":{"type":"string"},
    "IpAddressInUse":{
      "type":"structure",
      "required":["ErrorCode"],
      "members":{
        "ErrorCode":{"shape":"ErrorCode"},
        "Message":{"shape":"ErrorMessage"}
      },
      "error":{"httpStatusCode":409},
      "exception":true
    },
    "LifeCycleState":{
      "type":"string",
      "enum":[
        "creating",
        "available",
        "deleting",
        "deleted"
      ]
    },
    "Marker":{"type":"string"},
    "MaxItems":{
      "type":"integer",
      "min":1
    },
    "ModifyMountTargetSecurityGroupsRequest":{
      "type":"structure",
      "required":["MountTargetId"],
      "members":{
        "MountTargetId":{
          "shape":"MountTargetId",
          "location":"uri",
          "locationName":"MountTargetId"
        },
        "SecurityGroups":{"shape":"SecurityGroups"}
      }
    },
    "MountTargetConflict":{
      "type":"structure",
      "required":["ErrorCode"],
      "members":{
        "ErrorCode":{"shape":"ErrorCode"},
        "Message":{"shape":"ErrorMessage"}
      },
      "error":{"httpStatusCode":409},
      "exception":true
    },
    "MountTargetCount":{
      "type":"integer",
      "min":0
    },
    "MountTargetDescription":{
      "type":"structure",
      "required":[
        "MountTargetId",
        "FileSystemId",
        "SubnetId",
        "LifeCycleState"
      ],
      "members":{
        "OwnerId":{"shape":"AwsAccountId"},
        "MountTargetId":{"shape":"MountTargetId"},
        "FileSystemId":{"shape":"FileSystemId"},
        "SubnetId":{"shape":"SubnetId"},
        "LifeCycleState":{"shape":"LifeCycleState"},
        "IpAddress":{"shape":"IpAddress"},
        "NetworkInterfaceId":{"shape":"NetworkInterfaceId"}
      }
    },
    "MountTargetDescriptions":{
      "type":"list",
      "member":{"shape":"MountTargetDescription"}
    },
    "MountTargetId":{"type":"string"},
    "MountTargetNotFound":{
      "type":"structure",
      "required":["ErrorCode"],
      "members":{
        "ErrorCode":{"shape":"ErrorCode"},
        "Message":{"shape":"ErrorMessage"}
      },
      "error":{"httpStatusCode":404},
      "exception":true
    },
    "NetworkInterfaceId":{"type":"string"},
    "NetworkInterfaceLimitExceeded":{
      "type":"structure",
      "required":["ErrorCode"],
      "members":{
        "ErrorCode":{"shape":"ErrorCode"},
        "Message":{"shape":"ErrorMessage"}
      },
      "error":{"httpStatusCode":409},
      "exception":true
    },
    "NoFreeAddressesInSubnet":{
      "type":"structure",
      "required":["ErrorCode"],
      "members":{
        "ErrorCode":{"shape":"ErrorCode"},
        "Message":{"shape":"ErrorMessage"}
      },
      "error":{"httpStatusCode":409},
      "exception":true
    },
    "SecurityGroup":{"type":"string"},
    "SecurityGroupLimitExceeded":{
      "type":"structure",
      "required":["ErrorCode"],
      "members":{
        "ErrorCode":{"shape":"ErrorCode"},
        "Message":{"shape":"ErrorMessage"}
      },
      "error":{"httpStatusCode":400},
      "exception":true
    },
    "SecurityGroupNotFound":{
      "type":"structure",
      "required":["ErrorCode"],
      "members":{
        "ErrorCode":{"shape":"ErrorCode"},
        "Message":{"shape":"ErrorMessage"}
      },
      "error":{"httpStatusCode":400},
      "exception":true
    },
    "SecurityGroups":{
      "type":"list",
      "member":{"shape":"SecurityGroup"},
      "max":5
    },
    "SubnetId":{"type":"string"},
    "SubnetNotFound":{
      "type":"structure",
      "required":["ErrorCode"],
      "members":{
        "ErrorCode":{"shape":"ErrorCode"},
        "Message":{"shape":"ErrorMessage"}
      },
      "error":{"httpStatusCode":400},
      "exception":true
    },
    "Tag":{
      "type":"structure",
      "required":[
        "Key",
        "Value"
      ],
      "members":{
        "Key":{"shape":"TagKey"},
        "Value":{"shape":"TagValue"}
      }
    },
    "TagKey":{
      "type":"string",
      "min":1,
      "max":128
    },
    "TagKeys":{
      "type":"list",
      "member":{"shape":"TagKey"}
    },
    "TagValue":{
      "type":"string",
      "max":256
    },
    "Tags":{
      "type":"list",
      "member":{"shape":"Tag"}
    },
    "Timestamp":{"type":"timestamp"},
    "UnsupportedAvailabilityZone":{
      "type":"structure",
      "required":["ErrorCode"],
      "members":{
        "ErrorCode":{"shape":"ErrorCode"},
        "Message":{"shape":"ErrorMessage"}
      },
      "error":{"httpStatusCode":400},
      "exception":true
    }
  }
}
