{
  "version":"2.0",
  "metadata":{
    "apiVersion":"2015-07-01",
    "endpointPrefix":"marketplacecommerceanalytics",
    "jsonVersion":"1.1",
    "serviceFullName":"AWS Marketplace Commerce Analytics",
    "signatureVersion":"v4",
    "signingName":"marketplacecommerceanalytics",
    "targetPrefix":"MarketplaceCommerceAnalytics20150701",
    "protocol":"json"
  },
  "operations":{
    "GenerateDataSet":{
      "name":"GenerateDataSet",
      "http":{
        "method":"POST",
        "requestUri":"/"
      },
      "input":{"shape":"GenerateDataSetRequest"},
      "output":{"shape":"GenerateDataSetResult"},
      "errors":[
        {
          "shape":"MarketplaceCommerceAnalyticsException",
          "exception":true,
          "fault":true
        }
      ]
    }
  },
  "shapes":{
    "DataSetPublicationDate":{"type":"timestamp"},
    "DataSetRequestId":{"type":"string"},
    "DataSetType":{
      "type":"string",
      "enum":[
        "customer_subscriber_hourly_monthly_subscriptions",
        "customer_subscriber_annual_subscriptions",
        "daily_business_usage_by_instance_type",
        "daily_business_fees",
        "daily_business_free_trial_conversions",
        "daily_business_new_instances",
        "daily_business_new_product_subscribers",
        "daily_business_canceled_product_subscribers",
        "monthly_revenue_billing_and_revenue_data",
        "monthly_revenue_annual_subscriptions",
        "disbursed_amount_by_product",
        "disbursed_amount_by_customer_geo",
        "disbursed_amount_by_age_of_uncollected_funds",
        "disbursed_amount_by_age_of_disbursed_funds",
        "customer_profile_by_industry",
        "customer_profile_by_revenue"
      ],
      "min":1,
      "max":255
    },
    "DestinationS3BucketName":{
      "type":"string",
      "min":1
    },
    "DestinationS3Prefix":{"type":"string"},
    "ExceptionMessage":{"type":"string"},
    "GenerateDataSetRequest":{
      "type":"structure",
      "required":[
        "dataSetType",
        "dataSetPublicationDate",
        "roleNameArn",
        "destinationS3BucketName",
        "snsTopicArn"
      ],
      "members":{
        "dataSetType":{"shape":"DataSetType"},
        "dataSetPublicationDate":{"shape":"DataSetPublicationDate"},
        "roleNameArn":{"shape":"RoleNameArn"},
        "destinationS3BucketName":{"shape":"DestinationS3BucketName"},
        "destinationS3Prefix":{"shape":"DestinationS3Prefix"},
        "snsTopicArn":{"shape":"SnsTopicArn"}
      }
    },
    "GenerateDataSetResult":{
      "type":"structure",
      "members":{
        "dataSetRequestId":{"shape":"DataSetRequestId"}
      }
    },
    "MarketplaceCommerceAnalyticsException":{
      "type":"structure",
      "members":{
        "message":{"shape":"ExceptionMessage"}
      },
      "exception":true,
      "fault":true
    },
    "RoleNameArn":{
      "type":"string",
      "min":1
    },
    "SnsTopicArn":{
      "type":"string",
      "min":1
    }
  }
}
