{
  "version": 2,
  "waiters": {
    "InstanceInService": {
      "delay": 15,
      "operation": "DescribeInstanceHealth",
      "maxAttempts": 40,
      "acceptors": [
        {
          "expected": "InService",
          "matcher": "pathAll",
          "state": "success",
          "argument": "InstanceStates[].State"
        }
      ]
    },
    "InstanceDeregistered": {
      "delay": 15,
      "operation": "DescribeInstanceHealth",
      "maxAttempts": 40,
      "acceptors": [
        {
          "expected": "OutOfService",
          "matcher": "pathAll",
          "state": "success",
          "argument": "InstanceStates[].State"
        },
        {
          "matcher": "error",
          "expected": "InvalidInstance",
          "state": "success"
        }
      ]
    },
    "AnyInstanceInService": {
      "delay": 15,
      "operation": "DescribeInstanceHealth",
      "maxAttempts": 40,
      "acceptors": [
        {
          "expected": "InService",
          "matcher": "pathAny",
          "state": "success",
          "argument": "InstanceStates[].State"
        }
      ]
    }
  }
}
